time_since_start_s,force_N
0.499,10.4505
0.750,10.5136
1.050,10.5261
1.350,10.5314
1.650,10.5337
1.950,10.5382
2.249,10.5437
2.549,10.5469
2.849,10.5461
3.149,10.5425
3.448,10.5417
3.748,10.5413
4.048,10.5428
4.348,10.5442
4.648,10.5468
4.947,10.5418
5.248,10.5364
5.547,10.5350
5.847,10.5310
6.146,10.5334
6.446,10.5342
6.746,10.5343
7.046,10.5345
7.345,10.5226
7.645,10.5292
7.945,10.4988
8.245,10.5245
8.544,10.5228
8.844,10.5230
9.144,10.5258
9.445,10.5265
9.745,10.5260
10.044,10.5248
10.344,10.5262
10.644,10.5267
10.944,10.5258
11.243,10.5254
11.543,10.5271
11.843,10.5264
12.143,10.5249
12.443,10.5250
12.742,10.5251
13.042,10.5241
13.342,10.5241
13.642,10.5239
13.941,10.5222
14.241,10.5197
14.541,10.5123
14.841,10.5048
15.140,10.4996
15.440,10.4984
15.740,10.4985
16.040,10.4944
16.340,10.4903
16.640,10.4887
16.939,10.4841
17.239,10.4799
17.539,10.4798
17.838,10.4802
18.138,10.4799
18.438,10.4786
18.738,10.4761
19.037,10.4753
19.337,10.4733
19.637,10.4740
19.937,10.4740
20.237,10.4763
20.536,10.4740
20.837,10.4721
21.137,10.4727
21.437,10.4802
21.736,10.4872
22.036,10.4956
22.336,10.5037
22.636,10.5089
22.935,10.5126
23.235,10.5154
23.535,10.5220
23.835,10.5273
24.135,10.5280
24.434,10.5297
24.734,10.5301
25.034,10.5279
25.334,10.5312
25.633,10.5355
25.933,10.5507
26.233,10.5608
26.533,10.5801
26.832,10.5982
27.132,10.6011
27.432,10.6211
27.732,10.6292
28.032,10.6318
28.331,10.6387
28.631,10.6413
28.931,10.6462
29.231,10.6495
29.530,10.6510
29.830,10.6499
30.130,10.6474
30.430,10.6475
30.730,10.6455
31.029,10.6406
31.329,10.6321
31.629,10.6213
31.930,10.6242
32.229,10.6274
32.529,10.6290
32.829,10.6283
33.129,10.6296
33.428,10.6301
33.728,10.6310
34.028,10.6302
34.328,10.6233
34.628,10.6195
34.927,10.6308
35.227,10.6399
35.527,10.6484
35.827,10.6496
36.126,10.6567
36.426,10.6545
36.726,10.6407
37.026,10.6525
37.325,10.6557
37.625,10.6485
37.925,10.6465
38.225,10.6498
38.525,10.6509
38.824,10.6531
39.124,10.6482
39.424,10.6341
39.724,10.6258
40.023,13.7711
40.323,26.3092
40.623,21.0676
40.923,9.1963
41.223,9.1943
41.522,9.1999
41.822,9.2061
42.122,9.2065
42.422,9.2055
42.721,9.2008
43.021,9.2059
43.322,9.2025
43.622,9.2074
43.921,9.2014
44.221,9.1988
44.521,9.1989
44.821,9.2021
45.120,9.2012
45.420,9.1991
45.720,9.1952
46.020,9.1923
46.320,9.1894
46.619,9.1928
46.919,9.1947
47.219,9.1931
47.519,9.1922
47.818,9.1916
48.118,9.1900
48.418,9.1889
48.718,9.1894
49.017,9.1858
49.317,9.1838
49.617,9.1845
49.917,9.1808
50.216,9.1665
50.516,9.1508
50.816,9.1421
51.116,9.1365
51.416,9.1330
51.715,9.1302
52.015,9.1310
52.315,9.1332
52.615,9.1367
52.914,9.1403
53.214,9.1433
53.514,9.1434
53.814,9.1447
54.113,9.1480
54.413,9.1483
54.714,9.1472
55.014,9.1431
55.313,9.1387
55.613,9.1348
55.913,9.1308
56.213,9.1273
56.512,9.1252
56.812,9.1174
57.112,9.0876
57.412,9.0695
57.711,9.0644
58.011,9.0700
58.311,9.0759
58.611,9.0818
58.910,9.0924
59.210,9.0973
59.510,9.1022
59.810,9.1071
60.109,9.1124
60.409,9.1188
60.709,9.1242
61.009,9.1232
61.308,9.1258
61.608,9.1309
61.908,9.1427
62.208,9.1477
62.508,9.1436
62.807,9.1475
63.107,9.1475
63.407,9.1539
63.707,9.1495
64.006,9.1548
64.306,9.1422
64.606,9.1289
64.906,9.1305
65.205,9.1263
65.505,9.1268
65.805,9.1396
66.106,9.1298
66.405,9.1363
66.705,9.1102
67.005,9.1299
67.305,9.1475
67.604,9.1494
67.904,9.1447
68.204,9.1390
68.504,9.1378
68.803,9.1331
69.103,9.1453
69.403,9.1422
69.703,9.1304
70.002,9.1302
70.302,9.1304
70.602,9.1309
70.902,9.1214
71.201,9.1178
71.501,9.1094
71.801,9.1075
72.101,9.1028
72.401,9.0980
72.700,9.1065
73.000,9.1007
73.300,9.0957
73.600,9.1044
73.899,9.1165
74.199,9.1248
74.499,9.1362
74.799,9.1364
75.098,9.1400
75.398,9.1304
75.698,9.1191
75.998,9.1250
76.297,9.1131
76.597,9.1266
76.897,9.1411
77.197,9.1551
77.496,9.1473
77.797,9.1329
